Customer_ID,Age,Gender,Annual_Income,Spending_Score,Purchase_Count,Product_Category
1001,56,Female,122747,50,8,Clothing
1002,69,Male,75922,6,12,Clothing
1003,46,Male,68231,83,13,Sports
1004,32,Male,49301,60,11,Sports
1005,60,Male,111652,44,12,Clothing
1006,25,Male,140787,11,1,Furniture
1007,38,Male,146823,66,17,Electronics
1008,56,Male,82711,47,16,Groceries
1009,36,Male,61323,73,11,Sports
1010,40,Female,38752,85,13,Groceries
1011,28,Female,117912,88,18,Furniture
1012,28,Female,102205,98,11,Sports
1013,41,Female,118452,86,28,Groceries
1014,53,Female,33395,3,12,Furniture
1015,57,Male,105957,76,6,Electronics
1016,41,Female,141237,92,9,Furniture
1017,20,Female,76273,30,16,Sports
1018,39,Female,147431,90,4,Clothing
1019,19,Male,111878,21,3,Electronics
1020,41,Male,24895,28,28,Groceries
1021,61,Male,139968,90,16,Sports
1022,47,Male,135700,62,24,Clothing
1023,55,Female,96559,33,27,Furniture
1024,19,Female,30699,85,26,Clothing
1025,38,Male,85061,35,25,Sports
1026,50,Other,29715,52,12,Sports
1027,29,Female,39169,34,11,Clothing
1028,39,Male,145436,41,5,Furniture
1029,61,Male,138413,51,25,Clothing
1030,42,Male,36163,47,18,Sports
1031,66,Male,139264,82,19,Sports
1032,44,Male,25782,58,23,Groceries
1033,59,Male,108177,75,23,Groceries
1034,45,Male,149772,57,6,Electronics
1035,33,Male,144481,23,22,Sports
1036,32,Female,104328,48,18,Groceries
1037,64,Male,135028,22,26,Clothing
1038,68,Female,55585,17,6,Furniture
1039,61,Male,50682,69,4,Clothing
1040,69,Other,67864,11,12,Furniture
1041,20,Male,149992,94,19,Groceries
1042,54,Male,104416,15,29,Electronics
1043,68,Other,75114,91,27,Clothing
1044,24,Female,147810,35,29,Clothing
1045,38,Female,58067,33,2,Clothing
1046,26,Male,62685,84,17,Furniture
1047,56,Male,142262,16,11,Groceries
1048,35,Female,38073,34,11,Clothing
1049,21,Female,56035,66,21,Clothing
1050,42,Female,84977,99,16,Electronics
1051,31,Female,122710,40,2,Electronics
1052,67,Male,110373,28,2,Groceries
1053,26,Female,103362,47,23,Groceries
1054,43,Male,110517,39,8,Sports
1055,19,Male,85450,70,13,Electronics
1056,37,Male,30382,73,10,Sports
1057,45,Female,24437,20,8,Furniture
1058,64,Male,90971,1,4,Sports
1059,24,Male,84612,72,15,Clothing
1060,61,Female,110355,87,1,Sports
1061,25,Male,81929,63,11,Groceries
1062,64,Female,122411,67,7,Furniture
1063,52,Male,117518,4,17,Clothing
1064,31,Female,118864,58,27,Sports
1065,34,Female,32329,25,20,Furniture
1066,53,Male,145605,47,24,Furniture
1067,67,Male,45169,38,18,Clothing
1068,57,Male,107468,15,22,Sports
1069,21,Male,54594,63,29,Furniture
1070,19,Other,96957,21,22,Furniture
1071,23,Male,80631,99,12,Electronics
1072,59,Female,65033,57,9,Furniture
1073,21,Male,83133,53,5,Electronics
1074,46,Female,93165,46,10,Sports
1075,35,Female,93861,14,4,Sports
1076,43,Female,72290,76,5,Sports
1077,61,Male,114031,17,28,Groceries
1078,51,Male,51750,39,28,Sports
1079,27,Male,115155,9,10,Furniture
1080,53,Female,60461,99,11,Clothing
1081,31,Female,93800,77,21,Electronics
1082,48,Other,98222,79,24,Groceries
1083,65,Male,132020,82,10,Sports
1084,32,Female,44226,97,28,Sports
1085,25,Female,26721,6,8,Clothing
1086,31,Male,76154,91,2,Clothing
1087,40,Male,40609,23,23,Groceries
1088,57,Female,72130,59,8,Electronics
1089,38,Female,92909,91,16,Sports
1090,33,Female,124211,98,27,Groceries
1091,62,Male,75249,46,22,Furniture
1092,35,Female,68895,38,5,Furniture
1093,64,Male,114473,14,27,Groceries
1094,41,Male,25656,72,25,Sports
1095,43,Male,144865,62,29,Groceries
1096,42,Female,94520,35,3,Sports
1097,62,Female,83740,19,12,Clothing
1098,58,Female,84309,30,13,Groceries
1099,46,Male,49984,78,13,Sports
1100,32,Female,138947,84,10,Groceries
1101,62,Male,93822,25,4,Groceries
1102,18,Female,25901,40,9,Sports
1103,42,Male,51552,88,22,Sports
1104,24,Male,111245,14,24,Electronics
1105,26,Male,51055,26,23,Groceries
1106,41,Male,57685,87,27,Furniture
1107,18,Female,93965,22,2,Groceries
1108,61,Female,34716,48,19,Groceries
1109,25,Male,134099,83,1,Sports
1110,41,Female,31138,51,25,Groceries
1111,28,Male,55298,3,29,Groceries
1112,68,Female,71112,42,7,Furniture
1113,34,Female,43429,19,17,Sports
1114,25,Female,70200,73,3,Groceries
1115,52,Male,91308,28,20,Clothing
1116,52,Female,68244,84,20,Electronics
1117,50,Female,137217,45,21,Furniture
1118,22,Male,134055,71,3,Groceries
1119,59,Male,121268,78,3,Clothing
1120,56,Female,125441,63,17,Groceries
1121,58,Female,37347,73,7,Groceries
1122,45,Female,36920,19,27,Sports
1123,24,Female,51822,47,26,Sports
1124,26,Female,66659,14,14,Sports
1125,25,Male,60108,38,17,Clothing
1126,29,Male,148955,53,18,Groceries
1127,51,Male,109099,61,13,Electronics
1128,50,Female,27967,36,20,Furniture
1129,65,Male,130719,40,29,Sports
1130,40,Female,31871,81,20,Sports
1131,41,Female,114299,30,21,Groceries
1132,54,Female,97452,9,27,Groceries
1133,52,Male,94270,64,18,Clothing
1134,61,Female,53613,33,4,Clothing
1135,57,Male,48179,52,1,Sports
1136,39,Female,140465,89,18,Groceries
1137,44,Male,72188,14,1,Electronics
1138,52,Male,75099,75,26,Furniture
1139,18,Female,55262,53,26,Groceries
1140,52,Male,98213,99,13,Groceries
1141,54,Male,137407,59,20,Clothing
1142,64,Female,38268,78,20,Furniture
1143,31,Female,97866,94,23,Sports
1144,20,Female,106269,41,10,Groceries
1145,18,Female,80545,68,27,Sports
1146,22,Female,123483,68,11,Groceries
1147,43,Male,112822,92,9,Sports
1148,31,Male,92146,8,9,Furniture
1149,56,Male,91966,2,5,Clothing
1150,44,Female,59922,86,26,Furniture
1151,26,Female,99364,41,1,Electronics
1152,32,Male,62913,55,17,Clothing
1153,32,Male,117033,16,22,Furniture
1154,43,Female,124792,93,2,Electronics
1155,59,Male,139425,62,24,Groceries
1156,30,Female,75677,48,13,Groceries
1157,68,Female,122154,30,9,Sports
1158,49,Female,69841,12,29,Clothing
1159,56,Male,66332,35,4,Groceries
1160,66,Female,112062,11,5,Clothing
1161,69,Female,139863,64,11,Groceries
1162,49,Female,115694,50,24,Sports
1163,21,Female,45032,85,19,Furniture
1164,47,Female,57846,21,21,Sports
1165,54,Female,79474,69,3,Electronics
1166,40,Male,64936,48,12,Groceries
1167,56,Female,49794,20,26,Electronics
1168,62,Female,81588,67,19,Electronics
1169,32,Male,90984,44,19,Clothing
1170,60,Female,70331,33,13,Groceries
1171,46,Female,114397,73,28,Electronics
1172,53,Female,48141,61,7,Furniture
1173,30,Male,29074,9,15,Electronics
1174,49,Male,26406,68,23,Furniture
1175,24,Other,117359,35,7,Clothing
1176,68,Female,143279,81,26,Electronics
1177,39,Male,43291,98,8,Sports
1178,45,Female,61568,88,5,Clothing
1179,19,Female,117539,96,21,Furniture
1180,59,Female,66851,65,14,Clothing
1181,62,Female,119942,8,4,Electronics
1182,23,Male,74823,45,23,Groceries
1183,45,Male,43312,87,10,Groceries
1184,45,Male,63108,47,20,Furniture
1185,61,Female,86918,40,15,Furniture
1186,61,Male,54171,76,18,Groceries
1187,37,Male,61779,54,20,Furniture
1188,47,Male,88828,76,13,Clothing
1189,28,Female,127315,46,29,Sports
1190,45,Female,118723,47,8,Sports
1191,42,Male,32411,15,9,Clothing
1192,56,Male,122821,19,16,Sports
1193,50,Female,137990,26,19,Electronics
1194,18,Male,77009,52,16,Clothing
1195,44,Male,35422,93,7,Furniture
1196,69,Male,62468,22,14,Clothing
1197,30,Male,52371,21,28,Groceries
1198,58,Male,77022,51,14,Furniture
1199,20,Female,91229,38,25,Groceries
1200,56,Male,119071,20,27,Furniture
1201,23,Female,71196,29,4,Sports
1202,25,Male,100354,51,26,Clothing
1203,44,Female,116774,4,15,Electronics
1204,26,Female,116410,55,3,Furniture
1205,54,Male,46715,71,5,Furniture
1206,50,Female,47605,92,1,Groceries
1207,68,Male,119853,28,3,Sports
1208,59,Other,51174,4,15,Groceries
1209,61,Male,29956,22,24,Groceries
1210,41,Male,124444,76,27,Sports
1211,32,Male,96373,45,8,Electronics
1212,49,Other,89252,67,29,Groceries
1213,49,Female,81949,86,4,Groceries
1214,41,Female,82646,66,2,Furniture
1215,58,Male,90017,88,29,Sports
1216,69,Female,83037,34,24,Clothing
1217,66,Male,109818,91,24,Electronics
1218,66,Female,26548,55,10,Electronics
1219,69,Male,136981,1,4,Sports
1220,29,Male,123141,72,3,Furniture
1221,56,Male,93294,87,2,Furniture
1222,19,Male,129204,38,25,Sports
1223,20,Female,43177,6,17,Furniture
1224,66,Male,44022,86,23,Electronics
1225,54,Female,126297,25,21,Electronics
1226,66,Male,140695,82,24,Clothing
1227,34,Female,25542,17,20,Sports
1228,66,Male,111012,61,23,Groceries
1229,19,Male,116320,12,13,Groceries
1230,19,Female,80428,6,5,Clothing
1231,45,Male,42740,90,21,Clothing
1232,40,Male,79353,27,9,Furniture
1233,54,Female,110353,8,25,Clothing
1234,49,Female,133132,83,29,Clothing
1235,50,Male,76532,65,25,Groceries
1236,18,Male,36052,57,28,Furniture
1237,36,Female,120689,93,22,Clothing
1238,19,Male,67076,99,6,Clothing
1239,61,Male,73420,40,5,Furniture
1240,43,Male,20671,14,25,Sports
1241,49,Female,20163,35,10,Furniture
1242,23,Female,61424,48,8,Groceries
1243,49,Male,129538,84,7,Sports
1244,21,Male,73744,56,7,Electronics
1245,28,Male,90331,49,6,Furniture
1246,34,Female,30634,13,21,Groceries
1247,55,Male,24798,61,29,Sports
1248,41,Male,42420,49,20,Furniture
1249,22,Female,137043,46,3,Clothing
1250,69,Male,140575,62,19,Furniture
1251,51,Female,147158,8,22,Electronics
1252,23,Male,49300,43,15,Furniture
1253,39,Male,109881,20,4,Sports
1254,28,Male,30749,97,28,Sports
1255,65,Female,124131,90,12,Furniture
1256,33,Female,45121,39,6,Sports
1257,50,Female,148563,85,19,Clothing
1258,26,Male,57487,49,4,Furniture
1259,23,Female,113947,64,15,Clothing
1260,33,Male,53361,62,9,Clothing
1261,46,Male,41223,54,5,Groceries
1262,20,Female,92930,9,13,Furniture
1263,37,Male,34056,88,23,Sports
1264,53,Male,48380,37,26,Clothing
1265,36,Male,46035,49,18,Groceries
1266,43,Male,50620,41,5,Furniture
1267,20,Male,39877,17,25,Furniture
1268,36,Female,145481,88,16,Electronics
1269,37,Male,75316,21,27,Electronics
1270,49,Female,84041,51,19,Clothing
1271,24,Female,128940,59,14,Electronics
1272,69,Male,137360,39,25,Clothing
1273,58,Male,73352,55,16,Sports
1274,50,Male,50911,41,27,Clothing
1275,57,Female,52784,39,15,Electronics
1276,56,Male,23191,13,22,Sports
1277,35,Female,53160,64,4,Electronics
1278,57,Male,110536,11,7,Clothing
1279,18,Female,124576,19,16,Groceries
1280,28,Male,84641,11,24,Furniture
1281,45,Male,69723,77,22,Electronics
1282,42,Female,23631,46,21,Clothing
1283,67,Female,26172,45,22,Sports
1284,40,Male,62080,1,21,Electronics
1285,48,Female,109097,40,8,Electronics
1286,47,Female,110353,19,17,Furniture
1287,59,Female,40281,76,16,Clothing
1288,52,Female,48671,72,27,Groceries
1289,24,Male,142811,72,23,Sports
1290,33,Male,71431,61,10,Clothing
1291,43,Male,110900,12,10,Sports
1292,65,Female,142139,61,27,Electronics
1293,69,Female,127210,33,2,Furniture
1294,66,Male,147734,45,9,Furniture
1295,19,Male,112961,90,17,Groceries
1296,18,Female,135463,92,11,Furniture
1297,65,Other,48602,69,10,Electronics
1298,29,Female,108789,8,22,Groceries
1299,22,Male,71399,25,25,Clothing
1300,54,Male,43472,91,17,Furniture
1301,49,Male,69230,46,4,Groceries
1302,26,Female,93616,87,16,Electronics
1303,58,Male,27099,30,20,Sports
1304,52,Female,138614,47,15,Sports
1305,36,Male,45431,87,25,Electronics
1306,65,Female,76492,49,27,Electronics
1307,33,Female,116722,47,21,Sports
1308,20,Female,67684,84,5,Groceries
1309,37,Male,50111,82,6,Sports
1310,41,Male,125387,18,17,Electronics
1311,50,Male,83936,66,1,Furniture
1312,41,Female,42614,68,25,Clothing
1313,69,Female,112260,94,19,Furniture
1314,28,Female,61991,33,4,Furniture
1315,66,Female,90476,36,17,Electronics
1316,25,Female,137959,82,9,Sports
1317,53,Male,80920,19,24,Groceries
1318,55,Female,114294,28,2,Furniture
1319,57,Male,83530,40,8,Sports
1320,37,Male,56224,84,15,Groceries
1321,52,Female,27788,97,7,Furniture
1322,65,Male,48082,76,27,Groceries
1323,42,Male,143287,15,6,Sports
1324,52,Female,109570,41,1,Clothing
1325,42,Male,121015,39,15,Sports
1326,46,Female,96816,2,23,Electronics
1327,35,Male,103588,63,26,Groceries
1328,63,Male,36531,29,7,Clothing
1329,35,Male,108340,74,29,Groceries
1330,19,Male,114439,66,25,Groceries
1331,52,Female,64857,51,17,Furniture
1332,33,Male,30142,75,2,Electronics
1333,58,Female,135053,77,27,Groceries
1334,53,Male,68355,10,9,Sports
1335,50,Female,29866,14,29,Sports
1336,21,Female,90067,82,9,Furniture
1337,50,Female,130990,51,13,Electronics
1338,31,Male,123634,73,6,Electronics
1339,38,Male,123814,39,6,Sports
1340,65,Male,145426,28,20,Clothing
1341,37,Female,84027,3,20,Furniture
1342,25,Male,77906,84,21,Furniture
1343,24,Female,48138,70,3,Sports
1344,20,Female,112601,27,17,Sports
1345,34,Male,49956,2,17,Clothing
1346,50,Female,127268,93,12,Clothing
1347,65,Male,124797,38,16,Electronics
1348,29,Male,144917,3,15,Furniture
1349,68,Female,146303,16,13,Furniture
1350,39,Female,96295,94,23,Sports
1351,39,Female,25439,40,1,Electronics
1352,63,Male,67241,2,17,Furniture
1353,47,Male,62533,81,3,Electronics
1354,55,Female,48270,41,26,Electronics
1355,55,Female,98815,12,15,Sports
1356,62,Female,59279,35,4,Electronics
1357,68,Male,129787,65,4,Clothing
1358,25,Female,43888,55,18,Clothing
1359,44,Male,37630,45,17,Groceries
1360,44,Male,81063,79,19,Sports
1361,51,Female,138527,90,11,Groceries
1362,38,Male,143239,85,20,Clothing
1363,47,Female,147896,62,3,Groceries
1364,50,Male,55144,49,8,Sports
1365,45,Male,72161,95,14,Sports
1366,64,Female,116718,25,26,Electronics
1367,50,Female,145873,23,1,Furniture
1368,22,Female,111074,24,14,Electronics
1369,65,Female,97360,38,2,Sports
1370,36,Female,70979,28,29,Clothing
1371,21,Female,117661,21,23,Clothing
1372,52,Female,26979,54,4,Electronics
1373,66,Male,46189,18,24,Sports
1374,34,Female,62600,36,27,Clothing
1375,61,Male,79560,99,29,Sports
1376,45,Other,98040,45,19,Clothing
1377,47,Female,143257,73,6,Sports
1378,46,Male,81558,53,25,Groceries
1379,63,Female,106205,30,1,Sports
1380,23,Female,26910,60,17,Sports
1381,52,Male,77713,98,8,Electronics
1382,58,Female,66857,32,19,Groceries
1383,54,Female,54964,67,21,Furniture
1384,41,Male,105667,67,1,Electronics
1385,46,Female,45227,28,5,Furniture
1386,66,Male,25978,44,27,Clothing
1387,63,Female,107527,79,16,Furniture
1388,48,Other,37153,41,6,Sports
1389,52,Female,79765,63,8,Furniture
1390,50,Male,119084,23,13,Electronics
1391,69,Female,128212,75,16,Electronics
1392,38,Female,59071,48,3,Furniture
1393,49,Male,132990,32,19,Electronics
1394,40,Female,89519,57,12,Electronics
1395,50,Male,29503,33,16,Furniture
1396,20,Female,80703,24,27,Groceries
1397,35,Male,84379,39,11,Groceries
1398,42,Male,115457,34,10,Clothing
1399,59,Male,77866,56,25,Electronics
1400,48,Female,36905,28,20,Furniture
1401,20,Male,65838,37,4,Electronics
1402,57,Female,145200,7,12,Sports
1403,63,Male,78279,68,23,Electronics
1404,41,Male,109489,37,2,Electronics
1405,67,Female,46806,56,24,Groceries
1406,49,Female,65000,65,22,Furniture
1407,64,Male,42168,65,19,Electronics
1408,39,Female,90119,47,25,Groceries
1409,40,Female,58714,20,5,Clothing
1410,19,Female,74093,19,8,Groceries
1411,44,Male,75419,29,7,Groceries
1412,59,Male,69145,74,14,Groceries
1413,19,Female,125432,60,24,Electronics
1414,43,Male,97425,18,23,Electronics
1415,34,Female,112949,92,3,Clothing
1416,57,Female,97811,35,18,Sports
1417,50,Female,22461,43,16,Sports
1418,26,Female,34291,95,23,Sports
1419,60,Other,66804,91,19,Clothing
1420,65,Male,96971,11,19,Sports
1421,56,Female,113471,49,18,Sports
1422,46,Male,84946,38,20,Groceries
1423,59,Male,118989,64,16,Electronics
1424,43,Female,104080,69,8,Electronics
1425,52,Female,141719,8,28,Groceries
1426,67,Other,81332,34,1,Groceries
1427,42,Female,97794,48,17,Groceries
1428,41,Male,50841,56,12,Electronics
1429,30,Male,144447,76,21,Sports
1430,24,Female,140029,65,11,Groceries
1431,53,Male,68758,31,5,Clothing
1432,62,Male,134726,4,27,Groceries
1433,37,Male,96272,50,12,Furniture
1434,18,Male,57643,69,17,Groceries
1435,25,Male,70408,30,6,Electronics
1436,63,Male,63950,88,1,Groceries
1437,33,Male,76849,59,5,Furniture
1438,31,Male,120500,67,25,Clothing
1439,29,Other,48044,75,28,Sports
1440,68,Male,125469,45,14,Groceries
1441,40,Male,145588,4,5,Furniture
1442,32,Female,35997,26,22,Furniture
1443,45,Male,99751,27,24,Clothing
1444,51,Female,118605,46,27,Electronics
1445,19,Female,43911,64,1,Groceries
1446,49,Male,75533,91,18,Furniture
1447,40,Male,102566,51,16,Clothing
1448,39,Female,114870,50,9,Sports
1449,68,Female,34571,6,19,Furniture
1450,42,Male,128255,59,22,Clothing
1451,39,Female,149226,15,5,Electronics
1452,39,Male,114463,30,27,Electronics
1453,66,Other,77941,42,2,Furniture
1454,69,Male,78005,37,15,Furniture
1455,59,Female,106250,42,7,Groceries
1456,23,Female,78712,35,4,Clothing
1457,32,Female,63541,87,1,Furniture
1458,60,Female,43387,6,13,Groceries
1459,54,Male,113980,68,20,Groceries
1460,50,Male,68908,18,22,Furniture
1461,25,Male,105457,73,7,Electronics
1462,61,Male,33057,29,15,Clothing
1463,61,Female,84028,77,23,Clothing
1464,22,Male,130804,59,14,Electronics
1465,56,Male,139246,47,23,Furniture
1466,21,Other,75731,17,19,Clothing
1467,23,Female,44858,96,22,Furniture
1468,62,Female,68689,22,29,Furniture
1469,49,Other,64638,68,24,Groceries
1470,69,Male,111598,69,20,Electronics
1471,47,Male,122386,37,29,Furniture
1472,64,Female,66486,49,24,Sports
1473,52,Female,40567,13,18,Electronics
1474,57,Male,49739,34,10,Clothing
1475,69,Female,77804,86,9,Groceries
1476,33,Male,128821,53,25,Clothing
1477,30,Male,23754,87,8,Clothing
1478,67,Female,47044,51,26,Electronics
1479,59,Female,87260,3,29,Clothing
1480,47,Female,86912,42,10,Furniture
1481,36,Male,145623,98,17,Clothing
1482,34,Female,28706,32,2,Groceries
1483,36,Male,28894,51,6,Groceries
1484,45,Male,38037,85,26,Sports
1485,43,Female,103986,46,5,Groceries
1486,54,Female,101942,21,28,Clothing
1487,43,Female,71612,44,9,Groceries
1488,40,Female,49725,11,5,Electronics
1489,26,Female,25926,68,18,Groceries
1490,29,Female,124555,1,26,Furniture
1491,18,Male,29496,92,20,Electronics
1492,18,Male,76447,63,9,Sports
1493,64,Male,121604,24,17,Furniture
1494,51,Male,49806,99,27,Clothing
1495,49,Female,108199,13,17,Clothing
1496,65,Female,61321,98,12,Clothing
1497,42,Male,142041,11,7,Furniture
1498,57,Male,122031,51,27,Furniture
1499,62,Female,85095,17,3,Furniture
1500,18,Male,42656,99,10,Electronics
1501,33,Female,75147,82,2,Electronics
1502,56,Female,111396,86,25,Clothing
1503,22,Female,69666,24,3,Groceries
1504,39,Female,102368,19,16,Clothing
1505,46,Female,58787,37,2,Sports
1506,20,Male,133767,85,28,Electronics
1507,29,Female,82946,8,24,Furniture
1508,43,Female,41727,28,10,Electronics
1509,33,Male,128351,5,6,Furniture
1510,68,Female,115081,17,22,Sports
1511,54,Female,142721,36,26,Sports
1512,39,Female,130058,19,11,Electronics
1513,46,Female,88056,64,23,Furniture
1514,31,Female,23081,91,7,Sports
1515,45,Female,54196,98,27,Clothing
1516,22,Female,56735,11,29,Clothing
1517,64,Female,124749,54,15,Furniture
1518,66,Female,100102,45,6,Electronics
1519,47,Female,99578,47,20,Sports
1520,63,Female,45498,12,27,Electronics
1521,69,Male,96865,21,9,Clothing
1522,22,Female,51656,11,22,Sports
1523,29,Female,87695,92,20,Electronics
1524,33,Male,57900,5,12,Groceries
1525,43,Female,148392,81,19,Furniture
1526,43,Male,137235,56,20,Furniture
1527,65,Male,104899,20,3,Groceries
1528,38,Female,67701,41,15,Clothing
1529,56,Male,128777,46,2,Sports
1530,53,Female,39033,12,21,Furniture
1531,50,Female,143193,70,2,Groceries
1532,47,Female,30805,17,22,Groceries
1533,54,Male,55851,19,3,Clothing
1534,40,Male,46832,26,6,Clothing
1535,27,Female,83437,48,15,Electronics
1536,22,Other,135725,52,27,Furniture
1537,53,Female,33944,96,10,Electronics
1538,51,Male,39873,70,9,Groceries
1539,69,Female,60372,55,1,Sports
1540,48,Female,109464,75,16,Sports
1541,27,Female,35379,33,6,Clothing
1542,36,Male,137322,62,9,Sports
1543,49,Female,56751,88,27,Sports
1544,18,Female,120082,23,4,Sports
1545,22,Other,109822,15,27,Groceries
1546,62,Male,25110,27,28,Sports
1547,21,Female,74341,75,2,Sports
1548,33,Female,32087,64,29,Sports
1549,41,Male,43762,81,4,Electronics
1550,33,Female,135812,51,1,Groceries
1551,19,Female,102617,53,19,Clothing
1552,66,Male,120483,78,26,Electronics
1553,45,Male,29596,91,25,Furniture
1554,49,Female,123555,82,10,Groceries
1555,44,Male,127539,92,21,Groceries
1556,37,Female,38313,51,15,Furniture
1557,41,Male,133175,47,27,Furniture
1558,29,Female,86549,4,22,Furniture
1559,67,Male,134914,7,19,Clothing
1560,52,Female,43705,35,16,Sports
1561,50,Other,87364,48,21,Groceries
1562,50,Other,93445,73,27,Sports
1563,68,Female,123892,72,24,Sports
1564,60,Male,98645,45,22,Furniture
1565,54,Female,22023,81,4,Clothing
1566,29,Male,139654,81,2,Electronics
1567,20,Male,79796,97,25,Clothing
1568,18,Male,100073,96,13,Sports
1569,50,Female,112197,72,28,Clothing
1570,57,Female,84429,19,1,Furniture
1571,27,Female,124195,63,17,Electronics
1572,60,Male,81627,38,13,Furniture
1573,61,Male,53848,67,4,Electronics
1574,46,Other,57804,59,7,Sports
1575,30,Male,35379,69,17,Electronics
1576,29,Male,79664,13,9,Electronics
1577,48,Male,47766,47,4,Electronics
1578,63,Female,129126,61,19,Clothing
1579,19,Female,88099,31,1,Clothing
1580,68,Male,56060,80,10,Sports
1581,67,Male,114733,96,4,Electronics
1582,52,Female,89122,22,9,Groceries
1583,40,Female,36087,93,13,Sports
1584,34,Male,68868,86,14,Electronics
1585,43,Female,139119,43,10,Electronics
1586,25,Male,43225,67,6,Clothing
1587,46,Male,115286,54,16,Sports
1588,43,Female,26643,10,6,Electronics
1589,27,Male,113059,42,17,Electronics
1590,43,Female,56727,64,10,Sports
1591,51,Male,31005,21,18,Groceries
1592,68,Male,129079,80,27,Sports
1593,58,Other,85697,76,22,Sports
1594,24,Male,36029,66,18,Groceries
1595,21,Female,135281,41,3,Sports
1596,67,Male,34226,24,20,Electronics
1597,62,Male,83646,35,27,Sports
1598,28,Male,80603,56,21,Groceries
1599,46,Female,48731,30,25,Furniture
1600,53,Male,129458,57,28,Sports
1601,42,Female,130384,94,15,Clothing
1602,38,Male,88926,47,15,Electronics
1603,53,Other,25997,35,4,Electronics
1604,27,Male,75506,19,29,Clothing
1605,54,Female,98229,8,27,Clothing
1606,26,Female,69815,26,9,Sports
1607,41,Female,62092,71,27,Clothing
1608,52,Female,82539,30,26,Furniture
1609,66,Female,86077,7,19,Groceries
1610,52,Female,41817,67,24,Clothing
1611,65,Male,57861,65,28,Clothing
1612,53,Male,33428,36,17,Furniture
1613,35,Female,63934,25,11,Electronics
1614,66,Female,135555,37,25,Electronics
1615,56,Female,134367,1,9,Sports
1616,49,Female,30258,15,10,Furniture
1617,41,Male,77775,37,18,Groceries
1618,40,Male,101580,13,20,Groceries
1619,49,Female,114947,8,13,Furniture
1620,54,Male,25469,5,8,Groceries
1621,29,Male,48854,60,7,Electronics
1622,66,Female,26256,73,17,Groceries
1623,30,Male,144086,1,21,Groceries
1624,40,Female,96256,36,23,Furniture
1625,42,Male,53937,35,15,Furniture
1626,52,Female,119134,66,20,Groceries
1627,58,Male,21651,63,15,Clothing
1628,47,Male,70288,23,1,Furniture
1629,34,Male,104730,9,25,Sports
1630,66,Male,45051,34,14,Sports
1631,37,Male,47386,46,5,Electronics
1632,65,Male,95054,78,11,Groceries
1633,42,Female,131562,4,16,Clothing
1634,39,Male,36184,30,2,Electronics
1635,30,Female,53787,95,8,Groceries
1636,36,Female,41621,75,11,Furniture
1637,66,Female,95564,99,29,Sports
1638,53,Male,97984,72,18,Clothing
1639,29,Female,79792,3,3,Sports
1640,58,Male,65253,14,26,Furniture
1641,36,Male,54051,60,1,Groceries
1642,29,Other,69811,77,11,Furniture
1643,26,Male,50447,45,16,Furniture
1644,24,Female,148046,96,18,Sports
1645,45,Female,103930,34,16,Clothing
1646,31,Female,143278,45,23,Furniture
1647,48,Female,120037,61,10,Sports
1648,69,Male,50254,83,18,Clothing
1649,36,Male,104045,16,6,Groceries
1650,64,Female,136859,66,19,Groceries
1651,33,Male,77418,40,4,Electronics
1652,22,Male,134534,17,27,Sports
1653,52,Male,34472,34,13,Clothing
1654,29,Male,131193,16,24,Furniture
1655,42,Male,23471,60,14,Groceries
1656,69,Male,127332,66,3,Clothing
1657,38,Female,140312,66,10,Sports
1658,53,Female,143379,90,6,Electronics
1659,40,Female,115804,13,1,Groceries
1660,33,Male,28329,56,23,Clothing
1661,56,Male,54865,31,24,Clothing
1662,62,Male,66850,34,27,Clothing
1663,59,Female,74220,39,14,Sports
1664,56,Female,132234,67,8,Sports
1665,31,Male,113808,8,19,Sports
1666,48,Female,128381,87,14,Furniture
1667,22,Male,26397,78,10,Clothing
1668,52,Female,117909,55,17,Groceries
1669,40,Female,149004,27,9,Sports
1670,46,Female,55525,93,29,Sports
1671,60,Female,73072,53,6,Clothing
1672,28,Female,110106,39,11,Sports
1673,35,Male,103820,65,25,Furniture
1674,64,Female,104530,17,7,Furniture
1675,29,Male,43284,30,17,Sports
1676,26,Female,81330,53,28,Clothing
1677,27,Female,103369,13,28,Clothing
1678,61,Female,45122,21,1,Clothing
1679,34,Male,90553,19,22,Electronics
1680,55,Female,101906,53,5,Sports
1681,24,Female,114788,19,9,Clothing
1682,63,Female,82812,57,18,Furniture
1683,30,Male,27999,25,24,Groceries
1684,57,Male,42436,86,27,Groceries
1685,59,Male,62963,31,21,Clothing
1686,26,Male,22096,81,2,Groceries
1687,67,Female,149940,55,29,Groceries
1688,44,Male,133737,23,26,Electronics
1689,19,Other,45279,32,11,Furniture
1690,22,Male,141092,62,27,Furniture
1691,46,Male,128899,74,28,Electronics
1692,54,Female,134245,10,6,Electronics
1693,55,Female,46201,72,26,Groceries
1694,36,Female,39715,54,8,Sports
1695,25,Female,49309,52,4,Groceries
1696,65,Female,35078,20,18,Electronics
1697,62,Male,76614,32,28,Furniture
1698,18,Other,25105,14,11,Groceries
1699,39,Other,137666,50,5,Sports
1700,69,Female,114848,28,15,Groceries
1701,34,Male,22839,53,28,Clothing
1702,24,Female,88920,24,18,Groceries
1703,42,Male,63619,79,2,Electronics
1704,62,Male,62821,22,22,Furniture
1705,21,Male,145736,30,11,Furniture
1706,53,Male,33493,63,26,Electronics
1707,23,Female,37069,4,25,Clothing
1708,48,Female,132443,77,13,Electronics
1709,36,Female,27531,59,4,Groceries
1710,61,Male,57051,87,22,Electronics
1711,56,Male,27736,8,7,Electronics
1712,44,Male,27710,82,29,Clothing
1713,27,Other,87155,12,11,Groceries
1714,43,Male,33975,31,22,Sports
1715,36,Female,82424,78,24,Sports
1716,56,Female,65603,34,4,Furniture
1717,20,Male,43252,82,28,Electronics
1718,62,Female,100797,98,15,Furniture
1719,30,Female,21431,75,1,Clothing
1720,67,Female,94603,76,23,Sports
1721,45,Female,57481,49,3,Electronics
1722,37,Male,112573,79,14,Clothing
1723,45,Male,29557,57,6,Clothing
1724,25,Female,94971,95,18,Electronics
1725,58,Female,123302,93,25,Clothing
1726,56,Male,20162,26,1,Electronics
1727,18,Female,54742,18,6,Electronics
1728,20,Female,39675,96,6,Groceries
1729,30,Female,93997,86,21,Furniture
1730,45,Male,37015,38,16,Clothing
1731,66,Female,70057,81,29,Clothing
1732,42,Female,52591,87,5,Groceries
1733,50,Male,113583,88,17,Groceries
1734,55,Male,146133,50,10,Groceries
1735,23,Other,120318,8,28,Sports
1736,61,Male,29833,41,21,Sports
1737,62,Female,27896,6,18,Sports
1738,49,Female,52972,69,7,Electronics
1739,62,Male,69733,44,3,Clothing
1740,64,Female,140363,64,13,Furniture
1741,38,Male,61800,29,15,Electronics
1742,33,Female,116044,28,20,Clothing
1743,38,Male,25347,11,19,Clothing
1744,28,Female,79063,65,3,Groceries
1745,54,Male,115850,19,4,Groceries
1746,53,Male,22643,9,5,Electronics
1747,52,Other,60785,27,1,Groceries
1748,36,Male,38681,34,4,Clothing
1749,37,Female,70026,44,12,Groceries
1750,35,Male,123864,68,28,Sports
1751,64,Female,35892,82,27,Groceries
1752,58,Male,67299,15,24,Clothing
1753,66,Other,37073,51,10,Electronics
1754,31,Male,122304,13,23,Furniture
1755,32,Male,50682,83,25,Groceries
1756,48,Male,117798,49,21,Clothing
1757,18,Male,146021,70,29,Furniture
1758,20,Female,116894,56,26,Furniture
1759,33,Male,144302,76,20,Sports
1760,40,Female,34289,51,24,Furniture
1761,28,Male,135359,37,25,Clothing
1762,29,Male,27927,17,13,Clothing
1763,27,Female,68330,58,23,Groceries
1764,49,Female,86707,87,14,Groceries
1765,33,Male,140279,90,23,Groceries
1766,25,Male,97454,29,5,Furniture
1767,55,Male,127439,33,4,Furniture
1768,29,Female,124646,60,14,Sports
1769,41,Female,85428,91,10,Groceries
1770,45,Male,70601,89,17,Electronics
1771,25,Female,97465,55,10,Sports
1772,45,Female,22539,10,26,Electronics
1773,53,Female,122263,47,7,Furniture
1774,43,Female,131487,23,16,Sports
1775,25,Male,42669,85,1,Sports
1776,67,Male,90968,21,17,Clothing
1777,45,Male,40644,13,21,Furniture
1778,45,Male,38745,33,29,Furniture
1779,54,Female,140852,24,9,Sports
1780,58,Female,148081,11,6,Furniture
1781,53,Male,48228,17,19,Sports
1782,44,Male,138358,68,13,Clothing
1783,34,Male,54521,47,3,Sports
1784,26,Female,142788,25,7,Furniture
1785,50,Male,117239,94,22,Furniture
1786,37,Female,46928,73,9,Sports
1787,30,Male,38322,21,22,Sports
1788,45,Male,77714,84,5,Sports
1789,65,Other,107896,83,10,Groceries
1790,46,Other,82292,83,23,Furniture
1791,30,Male,49055,12,17,Furniture
1792,63,Female,62891,37,12,Groceries
1793,52,Female,101912,42,23,Sports
1794,23,Female,26588,17,16,Clothing
1795,35,Male,110536,48,3,Sports
1796,68,Female,26304,28,25,Sports
1797,22,Female,27345,41,22,Groceries
1798,64,Female,49300,99,9,Furniture
1799,42,Male,44259,47,29,Sports
1800,19,Male,111006,18,15,Furniture
1801,27,Male,108553,78,5,Electronics
1802,47,Female,35352,99,23,Furniture
1803,67,Male,149350,71,13,Clothing
1804,62,Female,53365,13,14,Clothing
1805,22,Other,39446,82,20,Sports
1806,50,Male,22336,13,15,Furniture
1807,18,Female,82032,31,16,Sports
1808,35,Male,95415,2,23,Groceries
1809,49,Female,117852,16,13,Clothing
1810,64,Male,118876,9,17,Sports
1811,66,Female,27521,73,23,Groceries
1812,28,Female,91707,38,8,Sports
1813,38,Female,43481,75,21,Furniture
1814,43,Female,38474,54,2,Furniture
1815,42,Female,66760,56,5,Furniture
1816,39,Female,75718,86,6,Furniture
1817,44,Female,64629,97,12,Electronics
1818,66,Female,65232,87,18,Groceries
1819,30,Male,106544,45,22,Groceries
1820,50,Female,87169,34,22,Furniture
1821,51,Female,147941,9,1,Electronics
1822,58,Female,70669,88,17,Furniture
1823,52,Male,98021,8,11,Electronics
1824,18,Female,129153,7,10,Furniture
1825,38,Male,89184,36,19,Clothing
1826,65,Female,67945,18,14,Clothing
1827,23,Male,33140,3,26,Sports
1828,45,Female,146468,28,10,Furniture
1829,34,Other,103457,70,15,Groceries
1830,22,Male,34357,44,28,Sports
1831,48,Other,131672,21,19,Clothing
1832,22,Male,88673,28,4,Furniture
1833,55,Female,141673,54,2,Sports
1834,20,Female,85633,54,9,Furniture
1835,40,Female,96943,65,10,Clothing
1836,54,Female,116111,21,28,Sports
1837,54,Female,98258,99,11,Clothing
1838,27,Male,32924,13,14,Electronics
1839,27,Male,89286,57,7,Clothing
1840,36,Female,113269,49,23,Furniture
1841,34,Female,147563,54,15,Groceries
1842,38,Female,94071,10,22,Clothing
1843,31,Female,77326,53,19,Groceries
1844,26,Male,110023,44,22,Electronics
1845,63,Female,140101,47,15,Sports
1846,18,Male,50651,53,28,Sports
1847,68,Female,90202,74,24,Groceries
1848,62,Male,68777,46,8,Sports
1849,30,Male,36994,13,11,Clothing
1850,21,Male,87263,37,29,Groceries
1851,18,Male,79634,24,9,Furniture
1852,66,Female,120158,2,15,Clothing
1853,57,Male,30800,86,1,Clothing
1854,49,Male,57823,81,1,Clothing
1855,51,Male,128575,14,19,Furniture
1856,45,Male,83878,10,3,Electronics
1857,48,Male,38708,35,10,Sports
1858,25,Male,32819,25,8,Groceries
1859,56,Female,94905,3,15,Electronics
1860,43,Female,83870,17,10,Groceries
1861,51,Female,29283,12,1,Sports
1862,20,Male,50573,54,29,Furniture
1863,67,Male,98707,24,18,Clothing
1864,29,Female,50933,29,2,Clothing
1865,18,Female,25774,43,19,Furniture
1866,61,Male,92055,25,13,Electronics
1867,22,Male,30983,60,22,Electronics
1868,47,Male,116468,90,1,Groceries
1869,47,Male,116334,65,2,Furniture
1870,34,Male,38133,84,29,Electronics
1871,65,Female,145555,28,16,Furniture
1872,64,Female,34939,16,15,Sports
1873,40,Female,20781,47,13,Clothing
1874,32,Female,134586,81,16,Clothing
1875,54,Female,76700,92,17,Clothing
1876,38,Female,47624,58,21,Furniture
1877,31,Female,26823,76,29,Furniture
1878,19,Male,38489,27,29,Groceries
1879,28,Male,138555,53,7,Clothing
1880,68,Male,59961,42,24,Groceries
1881,56,Female,139664,59,26,Clothing
1882,55,Female,49118,47,17,Groceries
1883,51,Male,120417,94,7,Groceries
1884,55,Female,101816,34,13,Sports
1885,67,Male,42263,37,5,Groceries
1886,51,Female,33565,6,26,Furniture
1887,35,Male,40354,7,17,Groceries
1888,47,Male,62951,96,3,Clothing
1889,32,Female,111179,96,7,Groceries
1890,44,Male,43648,25,26,Electronics
1891,68,Male,70729,33,17,Clothing
1892,51,Male,61971,55,7,Electronics
1893,69,Female,38658,58,21,Clothing
1894,55,Female,41253,7,1,Furniture
1895,50,Male,84166,57,17,Furniture
1896,41,Female,68563,12,17,Furniture
1897,32,Female,46390,16,11,Electronics
1898,47,Male,108664,80,25,Sports
1899,59,Male,71578,43,27,Clothing
1900,68,Male,99025,77,29,Furniture
1901,34,Male,123850,7,3,Clothing
1902,22,Female,52658,51,15,Electronics
1903,46,Male,26852,73,29,Sports
1904,21,Female,147282,32,21,Electronics
1905,27,Female,114986,75,11,Clothing
1906,34,Male,22551,8,26,Sports
1907,27,Female,91947,97,28,Sports
1908,34,Male,81001,87,16,Electronics
1909,37,Other,69159,89,25,Furniture
1910,41,Female,142775,72,22,Clothing
1911,22,Female,71707,45,28,Groceries
1912,51,Female,53243,86,9,Groceries
1913,23,Male,41800,59,24,Electronics
1914,19,Female,95939,4,24,Clothing
1915,30,Female,77828,67,1,Clothing
1916,60,Female,27239,29,29,Electronics
1917,60,Female,26710,29,25,Clothing
1918,65,Female,41384,98,22,Furniture
1919,28,Male,41038,98,16,Electronics
1920,68,Male,60846,28,9,Furniture
1921,64,Female,107983,77,19,Clothing
1922,40,Male,87821,79,12,Electronics
1923,33,Female,57991,87,19,Clothing
1924,48,Female,99057,44,22,Electronics
1925,28,Male,133193,90,9,Clothing
1926,33,Male,26971,4,7,Furniture
1927,25,Female,49139,90,14,Furniture
1928,21,Male,105445,9,29,Clothing
1929,57,Female,97067,5,19,Electronics
1930,21,Male,100257,56,19,Groceries
1931,42,Female,104742,96,2,Furniture
1932,20,Male,57711,84,9,Furniture
1933,49,Female,26530,50,13,Groceries
1934,20,Male,31116,75,15,Clothing
1935,44,Female,85794,15,3,Electronics
1936,46,Male,20282,32,11,Clothing
1937,49,Female,99473,28,21,Sports
1938,67,Female,21898,22,14,Furniture
1939,68,Male,24135,17,25,Sports
1940,36,Male,26629,59,8,Furniture
1941,38,Male,129472,90,18,Furniture
1942,22,Female,145147,71,19,Sports
1943,35,Female,105120,57,16,Sports
1944,45,Female,139798,26,2,Clothing
1945,59,Male,109087,25,8,Sports
1946,39,Male,85031,10,22,Clothing
1947,38,Female,53380,45,6,Clothing
1948,23,Female,149951,83,12,Clothing
1949,18,Other,132507,11,15,Furniture
1950,22,Male,37071,77,25,Furniture
1951,58,Female,40074,53,8,Sports
1952,29,Male,110724,72,4,Furniture
1953,43,Male,87843,68,15,Sports
1954,63,Female,59901,95,28,Furniture
1955,51,Female,31205,28,20,Electronics
1956,66,Other,75661,75,25,Electronics
1957,31,Male,144661,65,17,Sports
1958,43,Male,25906,49,13,Furniture
1959,62,Female,22591,47,18,Furniture
1960,44,Female,145576,52,2,Clothing
1961,26,Male,82987,88,13,Groceries
1962,43,Male,83370,54,13,Sports
1963,64,Male,100685,60,22,Groceries
1964,39,Female,130454,57,15,Groceries
1965,64,Male,125487,47,20,Sports
1966,47,Male,74400,31,29,Furniture
1967,60,Male,45150,46,27,Sports
1968,65,Male,51852,26,10,Groceries
1969,34,Male,62870,5,29,Furniture
1970,43,Female,139796,84,3,Electronics
1971,53,Male,72756,52,19,Sports
1972,18,Female,135357,75,3,Sports
1973,25,Male,139052,54,22,Furniture
1974,66,Female,76481,33,14,Electronics
1975,52,Female,21283,50,8,Electronics
1976,69,Female,53691,38,27,Furniture
1977,32,Female,21125,27,23,Clothing
1978,64,Male,87065,98,4,Sports
1979,39,Male,148734,15,27,Sports
1980,31,Female,46170,96,28,Groceries
1981,43,Other,28438,61,20,Furniture
1982,45,Female,40095,21,11,Groceries
1983,40,Female,36154,46,26,Groceries
1984,31,Female,28004,69,11,Electronics
1985,41,Male,29752,6,27,Sports
1986,19,Male,75426,38,11,Groceries
1987,62,Female,128896,62,2,Electronics
1988,43,Female,46819,86,17,Furniture
1989,31,Male,122168,62,9,Groceries
1990,68,Female,112051,82,28,Sports
1991,24,Male,147905,78,28,Groceries
1992,20,Female,44217,74,2,Furniture
1993,64,Male,145949,46,29,Groceries
1994,40,Male,108708,13,24,Sports
1995,63,Female,52994,95,15,Electronics
1996,60,Male,35036,94,16,Sports
1997,64,Female,97275,3,25,Electronics
1998,62,Female,117756,94,4,Clothing
1999,35,Female,69416,6,8,Sports
2000,55,Male,29587,93,9,Sports
